insurance,geico,questions,read,buy
edu,writes,article,mustang,camaro
car,ford,driving,miles,feel
sky,don,point,night,uiuc
oil,service,come,time,change
station,launch,option,two,redesign
cars,manual,small,seat,put
bill,back,moon,time,called
car,clutch,shifter,sho,don
engine,power,heard,turbo,diesels
system,part,idea,spacecraft,mars
car,price,problem,dealer,auto
henry,toronto,writes,spencer,speed
edu,gif,uci,ics,incoming
mission,hst,shuttle,solar,pat
etc,day,life,earth,article
make,cost,don,writes,two
people,want,good,george,money
space,long,internet,science,nasa
article,writes,apr,oort,eliot
